temperatura_C,umidade_percentual,velocidade_percentual,conjunto
24.306539329788706,57.057394781840124,33.7445994786672,treino
22.55178921959096,35.11473533018862,25.140394258240704,treino
15.041517691870013,37.198982009648674,14.175617520436521,treino
21.870626268876677,31.335909917474183,21.308953906946254,treino
31.253125388969924,88.31282782575275,74.26486680641209,treino
18.359172832826538,81.3674697126192,30.970968812063617,treino
34.84205376399932,46.00802458844531,54.726362070407134,treino
22.015285903341397,72.30888601344489,39.61204163786921,treino
27.92548717123573,38.40099325118479,36.15277947275752,treino
38.96398033103613,52.284622008630166,65.9571719199715,treino
15.414495047438923,50.86738422586257,12.192367911120034,treino
22.33984394416709,58.11838814289377,32.73068480100214,treino
31.882640716687103,48.23480822743898,53.22951927699459,treino
37.921210190729894,45.82919873102415,55.14988533249056,treino
37.40305206059076,37.18962271666162,49.10563742924851,treino
28.05030753416281,23.845449243836846,27.050478377677685,treino
16.086876550319797,45.10709540695379,13.916998781212367,treino
26.691006415664912,72.4421910120873,53.13497848410553,treino
18.761350288936853,31.839429516799903,17.81341886031707,treino
38.72144816788351,79.65017359484273,86.22502056948454,treino
25.844475683064825,39.096303110208495,35.252000370688094,treino
19.115195439550455,55.29250230735697,27.428419882922892,treino
21.763373522754392,86.31238570107232,38.340275374443834,treino
39.88661181459093,53.488344826067454,67.73774864744259,treino
32.356560891072164,73.05372231130023,68.02577044223315,treino
35.10902289032427,26.940987941917005,41.305860512827905,treino
32.49267834526874,43.52909779705616,46.066881612879534,treino
23.534676684543193,38.05258064034559,30.724560157758404,treino
16.12932792473566,79.4154479195262,24.17472230578629,treino
36.2833662350551,85.07010408970551,85.89920811200194,treino
38.65067657043326,49.7485569966271,60.35714951665662,treino
17.068249998060963,67.05851018564114,23.733929662551713,treino
27.242493545422647,56.32402497409589,42.38946641194656,treino
27.818481115168957,66.37707160563399,49.69244387989428,treino
34.06330367676631,26.776710451348002,39.45183256461503,treino
19.91086664286433,40.23585071467342,20.10245324911164,treino
38.9802318211144,55.36938456051671,65.2545289658167,treino
37.9334418137919,62.44095787349009,71.97968795248009,treino
21.485995996363357,21.520641899286275,18.348933562198518,treino
17.863251838399336,69.09737708704026,29.344351273730062,treino
30.82294073169052,38.923925173952924,41.91724420121459,treino
24.04531526383476,35.319962615624256,25.501675885051462,treino
20.81424851322184,60.52842673251698,30.554359586400764,treino
23.038324787058293,32.23651703631035,24.339401918807642,treino
31.062081899888693,47.2367698065456,48.83062559723718,treino
27.613155925555752,27.229843537493473,27.266031672949048,treino
19.13278308418228,35.70911248722804,20.184618990920175,treino
34.035814079600186,29.803878328264343,36.230931203504355,treino
30.750296114409966,88.40349109400502,68.84571608307256,treino
39.58542689982344,50.23619627003373,62.548697503416534,treino
23.46141208243315,48.51536715040806,33.73229550319488,treino
29.52473434370127,59.254416219340854,51.605649920438026,treino
35.61660476140853,48.08854749302793,55.636381712780015,treino
36.256857470843045,89.63769495346075,87.417888980924,treino
37.32802803305494,57.19896681180706,68.64539742283463,treino
33.61905389769543,59.32732510440995,58.92987618630306,treino
23.66232153282622,59.981715343901875,40.50652621045096,treino
24.26995060581453,66.19659107904951,42.640773991086455,treino
27.214601133788335,34.859399718852,34.07449503476762,treino
16.26299240930013,84.95794257160769,30.864555832761155,treino
39.48926701466482,26.62478377745721,44.61027265613387,treino
32.62913446565838,39.84645366194604,46.18177205540493,treino
35.97674327204284,45.25673929922607,49.81060161505981,treino
27.658248290515825,49.30592611203612,42.51691385627016,treino
39.08028058873449,36.46794718909515,55.19856344816757,treino
20.877427922016487,37.27075374356299,22.038814089551913,treino
19.689842048487282,74.80336919202068,34.65841602260346,treino
36.6393134830257,85.30534209174536,85.57664956528241,treino
20.36461682048823,81.25753293257581,33.88151043907804,treino
39.758041608156816,32.34489034924609,48.66397894394475,treino
21.806039046128976,47.30438131095704,29.01582163580935,treino
22.90535379560108,74.72299333017617,43.172369997547676,treino
38.18651146260066,33.66298708730589,47.82394102094428,treino
17.801759274967438,36.15224136870519,18.095043918293253,treino
38.12104672545155,58.807931636583454,66.78562170084527,treino
17.5417975725929,59.75539612999448,23.835312506395688,treino
31.790320221396467,37.83098450822272,41.89801610154467,treino
31.74534986706276,28.80649128185997,36.8110703259618,treino
15.620578294964314,31.885998164089525,12.106380750164536,treino
30.989081780927755,66.82633612941058,58.651012225029696,treino
24.134461579978336,56.92203410507913,39.63930222464082,treino
28.98017901863534,47.97732946145458,41.633111072214575,treino
24.840761420800707,42.475993848829845,33.48488131589551,treino
22.598752451565304,67.979940453271,38.42546800584682,treino
22.421911864282134,72.04219728556697,41.09371675171729,treino
33.88325431986861,41.96927404781526,49.36746605533046,treino
39.834212460279446,79.19895804528805,83.28280125154124,treino
34.68974590573348,41.09242503638308,47.811443445985006,treino
26.996585013776627,76.82266598534855,54.33296475534538,treino
28.318056901643505,59.55545374414939,50.30023671866803,treino
34.507537347734804,57.42205259024927,61.72656455127045,treino
37.10364278417043,63.245223595390826,70.19119824507727,treino
18.84032247651587,81.79778962238547,32.93004898987399,treino
38.189063775162694,67.36566677567464,72.64721482650408,treino
22.95997794571149,68.02349086541301,37.447668751857705,treino
18.12309198264108,35.309295830614445,18.867749139300738,treino
37.97057983826707,28.407744107096903,42.27058559754294,treino
19.031794475840044,53.64253416596146,23.077027344779154,treino
34.12497143540064,63.78347098397554,64.75604145549813,treino
29.892844367143184,56.09812069653805,48.303789363571575,treino
29.054268343439304,43.57995806832881,43.804580418712526,treino
19.282282602319718,78.64018007309288,36.714387287121035,treino
38.538471418452474,53.25157108030525,65.55020512392642,treino
35.414219085597765,72.79900604565248,74.7685948360128,treino
17.73205727786395,48.82904082106816,18.712047966015373,treino
30.547444334381144,32.97626909617399,39.476935031491664,treino
16.116227224356972,36.519808383438686,13.49383134521414,treino
28.24364165456245,62.96797790663081,50.44990391054145,treino
22.928472320567884,77.34399155057862,42.876718047349186,treino
18.44483839819513,70.73717755728111,26.024290028289716,treino
34.302622283864636,30.31981674399101,41.07008861708806,treino
31.5905261665088,62.139787446927066,57.84220672420301,treino
38.0166464568392,84.86693416568974,91.56254963836209,treino
37.0095075031923,73.22951796292323,78.05619372853673,treino
33.05898376491126,73.52670599933998,68.89711441817167,treino
32.45301959946593,22.462318752909383,34.91529020529044,treino
34.3003108027747,32.27425580177453,44.99074600307806,treino
28.297152283651705,71.39024420326427,56.45725750699242,treino
15.268191124391906,24.895214203380284,10.140241649572225,treino
36.08937378994382,44.20115640338428,55.94864229772751,treino
21.089918633965183,58.77867880718016,29.788215959821997,treino
35.03704527148538,47.4054789179102,53.56026092736502,treino
37.5638492304808,81.84708854965953,84.74534819477931,treino
18.65433110481746,23.09225720609129,14.879777132049785,treino
34.619086231304685,49.591382399044356,52.87865039721403,treino
27.332249396266665,80.70205936246941,56.85696339939149,treino
24.963812667538516,38.76595733743857,32.31066458623861,treino
32.7476174320326,59.79988002926148,57.07690313892001,treino
34.95243589545832,34.27024391306807,46.13119295490321,treino
33.46450966143456,62.723477215312585,59.035825628047135,treino
30.5089427414511,38.52981974336761,41.3834291779911,treino
39.03874073852582,73.17501366144762,79.85170709513864,treino
19.138293068381955,76.43336758113077,31.945171765539367,treino
25.949740073009316,72.7639475750769,46.615635603142294,treino
22.774037748019154,39.14007914886707,27.042410363459332,treino
34.5182257755492,67.23155831444944,64.29863648060419,treino
29.60244922281839,66.44172800603607,52.28009697986325,treino
33.47460009788854,56.53429295384774,55.65509285937715,treino
19.86596769629919,41.17361967965497,22.810722430902103,treino
36.33507683170416,51.07600204771835,53.860423429422724,treino
35.80649503488003,21.38365117398842,41.14467070830055,treino
25.314289231842007,34.37732083706847,29.88424247961673,treino
25.82431232169418,35.411052380660976,34.17764792691416,treino
19.537460239913102,48.606856415669895,24.085390568785336,treino
17.47311262762056,21.480920799630542,14.235899242299068,treino
39.55916707761331,30.50277047737471,49.15768225788657,treino
15.100190118333487,35.56575495277675,10.657089286797362,treino
30.15039551750027,45.01587364514379,42.13180040689154,treino
22.368879830069076,57.00602766758037,32.43021954930171,treino
27.022760707501966,52.603020825007846,39.119650250822275,treino
20.863378761032465,34.03937299250878,18.092932376668855,treino
33.17486535717207,50.54216617859842,53.22043832944121,treino
25.01128113113196,85.97978802200365,54.783185907545885,treino
35.024096341041904,51.22510250441583,58.12893322920239,treino
36.16196340169893,51.84260812128472,61.265833123849006,treino
38.65061133895237,32.796613930168355,47.459423705373524,treino
18.49421027384892,86.18639237153346,33.69867941230364,treino
29.768619854094155,75.66625810078966,63.0733427997279,treino
31.71007404476179,86.7045727939896,72.67137429362579,treino
19.91855451876578,43.34849485348488,23.424350595485922,treino
21.950552665020346,67.69306308827838,33.030710152044676,treino
15.782087822541113,25.184037835835152,7.5353371530596185,treino
15.74018222821533,76.1904423701856,24.44236742561529,treino
25.0338889388347,38.622161083516566,29.348163444564502,treino
37.599332271951,80.19793805911242,80.53249460767185,treino
22.409051425279124,23.53751920550404,20.980170153792415,treino
34.48693851928322,70.61796615017703,64.32102620026771,treino
28.52141592362378,47.65712862835236,45.03994335659856,treino
24.159811245656186,22.6979399526405,21.823488305346814,treino
26.946931850593643,47.473931398546064,40.537062235302145,treino
17.99333971252807,46.37138055124135,19.685768804124724,treino
25.295272414639257,53.45626065178817,37.91171424077242,treino
26.394407245840277,30.777450780433853,29.42020662673129,treino
34.861425762397104,30.541880107010243,41.78705107991456,treino
26.853316877254258,88.69709708771012,60.37569462307011,treino
17.19272529776921,22.806650691094315,17.060929306001057,treino
20.916559074939528,28.5378274946736,19.230805251790617,treino
29.860841593911296,89.76740480634074,67.0677602403717,treino
37.25048642794239,29.455585455226686,45.0266014662963,treino
27.422914903258736,50.885592393639065,41.52856141116022,treino
34.68580554964885,49.97189044562113,56.90064602059861,treino
18.420531950740656,41.40601601169972,19.421569382437003,treino
25.947600929968832,80.99863607188499,53.37155500992119,treino
38.96072952252431,45.037784206818195,57.139794206027254,treino
37.24141054188493,63.86474523882371,69.84750206767964,treino
27.057585923572503,49.73438473708191,40.57445558938788,treino
28.06579438782807,21.67792488695688,29.226683318873864,treino
25.46520751975949,56.557562578766046,41.03474724008958,treino
19.487301808652184,48.97512233382206,24.329315719374698,treino
36.030092655373906,51.46725687864646,59.21441265378735,treino
36.86437849638929,21.250267142262658,36.67905632751025,treino
21.341612664045712,54.54546063054388,30.87542993389623,treino
36.33361677860148,35.72826321821116,49.453872276263795,treino
22.75809182250237,71.43075915464058,40.383127834458755,treino
35.10311315455657,46.97586365999721,52.44557901683089,treino
17.66048829678457,80.71121283508269,29.682987390469236,treino
32.369953220462456,57.55415466265755,60.288884126951864,treino
18.045812615713277,38.2129258740094,19.385298230718714,treino
39.61445203579062,46.482260995664994,57.48939774311041,treino
28.92580380853196,64.25417500804036,51.2355160848421,treino
32.07622383106137,48.21981428833573,47.69354433013472,treino
20.226441465056038,53.67861712342048,28.93143009622255,treino
28.238551382126808,56.61633494955205,44.23600856256849,treino
27.254938560039662,54.855229695222135,43.73707569496713,treino
33.96055592961885,20.03976904812611,33.5291361975076,treino
32.57583664247231,33.43448129877598,40.52641186298112,treino
24.27305709656097,80.25606815343752,48.859896557802365,treino
22.61166316190082,61.959876600595464,32.059127856776726,treino
28.728609589991986,64.65557209726515,50.712636238952285,treino
35.90612942106503,71.6260596108408,71.11096716670855,treino
28.839485016449895,88.32898734841955,64.99999494416899,treino
27.267674858863025,75.12247122420516,55.343031915825755,treino
21.331386860004933,23.217427453809805,19.469670881319363,treino
20.782013492171306,53.71141124442305,29.558657398881138,treino
23.70078558523786,48.14334587099486,29.371433164076322,treino
20.060114828142957,54.76133351923971,28.676114358226904,treino
23.54817346364151,84.21769124862995,50.6321052337063,treino
25.647052159337747,85.07666346436886,56.05888588728749,treino
17.767301850740402,25.025799965203213,12.479809080275839,treino
25.959656464604823,81.28773311690654,50.163660907744216,treino
26.569984139837896,84.92534017375347,51.77918227911178,treino
16.513211270663405,80.66261825075708,21.517079688792464,treino
30.20323029786479,35.37057145414639,36.76857948148878,treino
18.493812090232744,37.26762640583031,15.876074741804358,treino
21.952833921787196,65.91110026879883,38.590503386623304,treino
36.46494799778456,29.032104002742923,40.65641728044207,treino
18.539897214219366,52.72391776000003,25.69363335323549,treino
30.404142500603033,75.63253908923002,61.15262668734892,treino
38.98330869089021,62.45964346368009,71.08865960792228,treino
28.12720757418153,74.75478366874566,54.284858368543446,treino
34.56560261573867,88.7501007422491,81.15254546308886,treino
38.094582902329506,53.27139325185229,66.25776787964105,treino
20.44071316742405,24.677802829102404,16.070126590235347,treino
27.61978707258745,35.76243662738818,36.544537686867265,treino
24.261492650871723,83.4960428836656,47.502238721424476,treino
39.187743310855254,70.38477745150823,80.05431570256877,treino
25.477857982907594,61.00399276083057,42.034514486465646,treino
18.1415963217134,30.750584536028015,14.17982670872554,treino
18.06894831028715,81.25589393378576,31.94595366005994,treino
36.51797670814735,87.57911674372149,88.27541125131523,treino
32.43420072648409,30.6628697110303,38.196918504696534,treino
15.34840719270504,21.86044354981042,8.147962876060681,treino
23.353251012538646,82.62815208074704,46.122030569988326,treino
32.702280892089696,63.530342145803836,62.42699197621573,treino
24.627237402508836,61.81761703516885,39.063282616478325,treino
37.565059913596045,33.481357626163685,47.2126547968157,treino
38.19488575430701,85.14791419812343,87.73274323942495,treino
31.547912868172375,54.28769792647239,53.316237922103966,treino
15.567801828346512,88.4743101535193,24.816608158148643,treino
16.23135299818985,47.40443856714644,15.219843684504637,treino
35.35050961665087,84.67121496489544,83.06492565461032,treino
33.77096461862149,67.19366347113714,68.29379676204908,treino
30.01834797156606,25.44212668475295,34.29026547030709,treino
33.83761407500645,42.14530201357006,50.39271526930109,treino
26.463702044963778,59.72136794845263,44.3539538630028,treino
28.385869745750078,75.06547987455195,55.44222980011378,treino
35.67933561301716,33.83668875782477,43.69083704951382,treino
16.79555351257211,66.19903709659799,21.270122684924587,treino
30.418904476932727,53.406303698305756,48.09022149775055,treino
39.3905587909189,47.50491740991633,61.90653481990212,treino
16.27401206437215,23.561651418151023,7.880982293368113,treino
32.49439861472665,67.09973762794255,58.35619200607528,treino
17.191247982902524,77.12392117269818,28.746869587528323,treino
22.11800205844839,31.92388355609632,21.76388239350805,treino
34.981117912801665,52.457300027705074,60.280405656255496,treino
17.496561929018238,56.9979210259717,19.955458684536463,treino
33.12958302127172,58.79999100084996,58.35941388148806,treino
28.824826631322498,50.17534503465568,44.27918646488681,treino
35.56457726543579,80.32700924712097,78.70940058893994,treino
38.40349967096155,22.512922020515123,45.86575711818304,treino
32.550054527759286,24.22315730019552,40.02803990958827,treino
25.802325994377593,38.94425065896023,32.14636815114253,treino
26.710416031169274,60.72091085711004,48.16790745860401,treino
31.298275639499355,26.988174002375313,34.315992830222875,treino
30.02101019862702,73.23822159109068,61.287011814680554,treino
26.25964844738918,52.27696011084353,38.436743194099,treino
29.984569788021087,35.455854484625384,39.422440030813235,treino
33.01739866795879,77.01317132216538,72.61180207103071,treino
25.159671536001763,83.88702846788752,50.993746771397355,treino
30.085611358333036,30.74720824359332,40.3206608738309,treino
23.471390890240123,58.99012473170151,36.06044229623119,treino
19.137193939544375,40.28838796946441,17.55110224732531,treino
17.728599919143374,29.428441744634313,15.513653572964149,treino
35.83646384471399,52.32725380148238,57.81559768104022,treino
29.52791523052256,77.86280392605511,66.73165914556682,treino
17.547353932863622,62.44539881508746,22.6446874851268,treino
29.989836038065306,31.437419010461813,36.65058110654568,treino
30.40772424818832,34.13070761266788,36.1299203434559,treino
28.87995105817062,53.32642296750625,42.218964573401834,treino
28.27125985719536,86.63501530566356,62.46777910171329,treino
32.756130033399664,34.09438233369006,38.62241328375342,treino
15.475853695437165,59.81836637690233,17.079410441331163,treino
37.1600721680927,87.24108737546375,89.81282251785568,treino
29.450430395188555,65.7234319515973,49.43115470955996,treino
17.92758914750276,63.31003447187494,25.56312332945759,treino
18.71097474800145,70.53347456588735,27.95458066230058,treino
20.170338187850792,27.195838730132458,16.8201602881297,treino
16.43079850383151,74.59088907106182,22.628581448240567,treino
34.651607631923845,42.34095462256491,49.38255081449602,treino
31.80600232599529,24.72629361311905,34.970429423645825,treino
28.89923570071121,36.85271498499886,36.72086199614897,treino
36.278277494048375,36.54523047684812,46.005389571453094,treino
29.707656210225206,61.506964180473126,52.85523265695699,treino
15.13574585321751,51.94827005312918,14.043828828822036,treino
34.323434703382105,44.22446760333143,49.74340927196475,treino
23.483053643414024,84.74737308948617,46.52488411115375,treino
18.302570932538597,87.45059385555075,29.35149297485472,treino
37.73880609678375,75.51034852717413,81.44522670268262,treino
34.3088246918642,69.81940746435714,67.45246722189313,treino
16.452712043036183,21.10638888080937,10.65682349204069,treino
15.18286140732539,78.38846244014758,21.955254555070262,treino
32.19162622915231,41.5833242766991,45.07293346200281,treino
28.28527602511444,42.00435598409334,36.94638227859921,treino
34.59560273439284,48.86624400080572,53.638890275048816,treino
16.36250787478239,63.81926896893565,19.555696547236458,treino
19.32819616056258,86.41901749040488,30.62872865347819,treino
30.849377792027127,85.48793606898586,67.16583972114888,treino
29.123765286811047,39.907799420138616,39.05569564678961,treino
26.377946060294057,22.162498592522255,24.18630828810693,treino
19.99439129150144,59.28561475230309,25.183130533087173,treino
34.59745522766033,43.38778868711289,50.784727138945364,treino
25.972786507626168,54.38802124739563,41.843335366180575,treino
28.401700898690933,72.88776797313992,55.90524296062876,treino
28.886542753444097,33.684707917761116,35.89004025999747,treino
19.06858715262394,51.31749262544766,27.440119984930554,treino
22.86126729360503,71.56011651810131,37.63333134960776,treino
35.02210440212742,53.72344859535202,57.007371276192174,treino
25.46000110392151,23.5583423363934,25.095256815313736,treino
31.8649369244756,46.7948213946179,47.18475246039141,treino
23.671745113370925,70.94903092781028,40.894306053467645,treino
36.857859132270185,64.67564870484358,69.80121696995101,treino
25.422234214872127,84.67302803818009,54.26532324619459,treino
15.89606878545408,69.8342467412005,22.129580261338877,treino
35.05149467464311,48.703415084049595,55.963823139477526,treino
34.34890121389908,24.344417457810867,35.070031893006394,treino
24.486601993173224,59.386760968235315,37.05382305572664,treino
34.79936062853435,26.566547680540744,37.804569486473085,treino
17.001232091154627,72.62464964615471,26.77954006547643,treino
39.48061584268199,88.99347710584055,99.26306786704849,treino
24.696042379091246,58.51677843357803,41.0324459925736,treino
30.274688675915705,89.63704249807259,67.91429368080021,treino
39.92586644593933,33.25544441709977,53.86018612285074,treino
21.39912726419007,38.021637152677435,23.239628972261134,treino
27.349770481112973,58.6529449991531,46.255736323720235,treino
15.307567147215071,78.42953650288551,22.82318657682714,treino
31.406725983187254,69.33868261302267,56.01456680870195,treino
19.523166305771703,41.20752401861114,22.53426352508771,treino
27.037283508157017,30.877798348009293,30.144338646460223,treino
18.80780256782921,36.81583933043022,17.143302415641433,treino
17.509891141245234,22.978627235274356,11.786171963544588,treino
37.33616599244658,28.323724362377234,44.109774087387144,treino
32.01786316998766,28.963682738345085,37.66718189502001,treino
37.02590129794675,32.39009877849387,45.97502238935006,treino
25.91793473080906,48.004301229432876,34.49426976910964,treino
16.299046661627607,66.11273868716907,18.159644137367287,treino
38.12800295941993,56.152158184494866,66.03116826863192,treino
34.474908864453226,35.01772807921006,42.237421889112696,treino
30.14812944119319,45.311932070086385,43.75232763334833,treino
35.10979569867693,46.114241129063714,53.35524716827166,treino
26.837235026423848,49.166619862791606,42.667506671995895,treino
16.29144792535997,47.043902005622726,16.96021694868233,treino
27.470423963287132,82.29293049506317,59.901822093703124,treino
15.570096775742437,42.28284713403142,14.728201991269762,treino
16.058763789504177,76.04085344716951,19.657685536961935,treino
28.871311734787085,30.280461437498296,34.86989501682055,treino
18.857237301688695,71.695749888064,29.0579723355021,treino
36.23588332724448,81.75225492302636,84.9875461282854,treino
35.777816803122654,88.29169520798797,84.09301040278721,treino
17.961964430426033,83.20924073842957,29.915347185405693,treino
36.47457151394285,55.01467545193465,58.38844809174602,treino
38.82248487674362,26.492925419714634,43.8734030598949,treino
29.037234860359614,89.06401228042611,63.943340218065536,treino
27.16645827095401,44.73363865479274,39.580168413717416,treino
38.40108925122408,72.66302401034869,80.54215659233336,treino
34.02849254975882,84.52967151084965,76.11734132077495,treino
27.2375501626802,64.48922478071293,49.8557842190102,treino
30.865727935456576,54.03964288694073,50.65848364027059,treino
20.848487146633516,85.51562496050082,40.12703242487708,treino
34.12008881518086,20.77116671689599,31.904391071650863,treino
29.61597085335414,36.59434538892643,39.66043146258293,treino
15.445919599424693,32.329680942115594,12.06358828925199,treino
21.67439157729734,42.50819775686297,26.951922384951725,treino
22.94089085908904,35.16356549288299,25.02657860147496,treino
38.32558054000528,34.986460253570414,51.1163838135148,treino
22.523717294523493,20.074722551592306,19.484376630262595,treino
28.559110057555124,45.17664055666277,39.219750240665505,treino
33.41764221205551,67.0297932029847,64.35140866758418,treino
29.526528492509875,26.66393608726048,31.33337411263946,treino
30.567718624705204,26.18816034904721,33.886203323498414,treino
15.118534822796848,64.69272694353184,15.461352038885192,treino
31.54153157919403,77.61753359648299,66.10808862878255,treino
35.81695490144594,66.72429462027306,69.9999271469325,treino
33.557948735449415,33.197116371191214,38.23623860227706,treino
17.40977405383748,89.90266605083411,31.136851852430677,treino
19.790075241567497,40.740974131743954,23.759319132106587,treino
26.4728943884585,83.72288371296767,59.21878477339507,treino
36.98000060769363,40.02331112882767,55.08537762421281,treino
33.365527298379035,30.752128277643095,39.77358662945923,treino
38.25961543972876,88.06423735535186,91.25937012724513,treino
15.05771931466855,43.453281425359435,12.967764653473633,treino
34.459587426844045,66.1997003160806,66.96321408239444,treino
38.51486024238796,36.005192186348026,54.1762569230139,treino
35.90760726375595,51.37684432194249,60.68357912977396,treino
32.63515913710032,28.909333883032748,38.14517523377033,treino
18.096744371605524,89.5854440716665,32.83140532445539,treino
37.72662036057371,67.45802967815312,78.93162366529037,treino
19.007800624556452,44.65487454955869,23.639400213615126,treino
17.112330470588006,81.47031972588762,26.449559050928727,treino
15.184056743775137,29.055396242079212,10.67712520240864,treino
35.93455905862672,52.179662511751445,58.823273601704564,treino
22.84733424504973,27.750698102038804,21.9996233891103,treino
17.42444721763698,54.58445225632439,16.73400570960382,treino
37.96984202256702,75.7600210861884,79.21523764891552,treino
38.02426181218625,60.3802670948315,66.33395449608176,treino
28.40501032778438,53.07891883358,44.331548019988155,treino
39.86754372337562,75.14549954472109,85.3022219071171,treino
15.441719524997804,72.4547003189304,20.022884916044873,treino
24.904162501481224,51.54035245206171,36.57928209056922,treino
15.367071089001769,30.80961616154997,12.703493272077335,treino
30.28859014942674,57.6053218586038,51.90499759165982,treino
35.69077929981455,22.817761795794663,41.01178985063013,treino
19.62948362383919,73.91351794764986,33.73125033861862,treino
22.926022782930946,35.95774405562277,28.247637023981067,treino
24.16520962331531,53.40404432980472,32.31804512582253,treino
35.94950546638458,31.026633892223565,46.09718599429603,treino
31.780785332714814,29.77365579253845,39.56441068180152,treino
19.1743229976926,79.03260200333852,30.66517160187073,treino
26.777405153578314,62.704233802102166,46.09668774429251,treino
34.34301706879066,37.2112910903541,47.33345251973549,treino
16.334548315679385,47.82675171884951,18.306806413921457,treino
25.406560642579805,85.29457337598878,55.74709348269782,treino
38.28090589225255,66.78315185566076,75.55636545335678,treino
26.649628824530684,81.20339794343693,55.46102617623177,treino
39.500679488854814,35.81502705417478,55.410525050346045,treino
36.875123555865216,80.63012244317142,85.27975252190609,treino
31.096628002016615,53.09487809312987,50.17955131190728,treino
27.971459009661224,26.018764507766157,31.41868349000831,treino
23.340943958205955,33.1932012108611,25.88185257489597,treino
30.04436889669271,64.56691959414142,55.935334347607466,treino
33.343837435947904,34.915245407930165,47.39766290226555,treino
38.89058142617425,65.24035342599913,76.1039025961935,treino
27.064312714682348,58.65138923130989,44.0543903099094,treino
21.329615153165037,41.85499910454548,27.329749416055847,treino
20.941459084014934,29.452666723936524,22.112411486699106,treino
26.206140331358775,47.44420156908103,38.578063607037336,treino
17.624492897401765,48.11631438065635,16.71508857086217,treino
24.317558532668354,68.3281368160851,43.331226529394065,treino
25.87742650007595,52.52757465001307,43.89000041376861,treino
32.94097869103919,79.5697984036515,69.83469994956975,treino
32.522025253016466,28.98052809577841,36.18739016200693,treino
30.77080600911856,85.71637479449268,70.04395277368377,treino
24.42861700889202,88.95326877046097,48.65370618135993,treino
32.15240912763622,24.187703612210942,37.30034600657282,treino
15.935313904404495,31.760059400450977,13.142226669257976,treino
24.354601085179567,82.18558171439884,50.028770914707714,treino
16.21746180784628,88.80910200751349,27.592018866508745,treino
24.430149572075095,43.14738978624468,31.69128633844599,treino
25.198548778282053,80.71964776378086,49.48750008325889,treino
18.694584313554792,25.65146960019174,13.856024224683287,treino
17.26101817460332,78.95082588618104,26.320945967264063,treino
16.45756854222665,79.77890633030603,24.007792521224705,treino
29.4804892235474,85.30305476892772,66.22218033999523,treino
39.54514868856339,76.83917410573814,81.52692340965011,treino
25.864077117442257,49.20775269010804,40.772107751933135,treino
30.92684709978019,85.51118714077563,67.46448614769554,treino
34.46877259914487,29.683034908123446,38.744065902604504,treino
19.41931957348079,88.6574801873124,35.955797896352756,treino
34.41919851730546,58.04469165559025,60.07526783551379,treino
24.122984026956313,32.262639749920254,30.40981979065794,treino
26.464016061462246,50.6489095973086,36.13934312764334,treino
39.977618261855966,69.54907260810134,85.76835837961399,treino
26.15390688935077,40.25240952716342,34.9197899360376,treino
22.400821572750644,65.0806581014908,37.14710790291385,treino
27.526119377584088,51.95165361599902,39.640578586872905,treino
17.377393705748364,33.13265049355235,17.829687121924266,treino
23.560091920265716,89.11188339700007,48.79205876493829,treino
36.14492394505356,41.019033849976864,48.746076329002335,treino
34.00037429360087,76.73638009618583,71.26682621245293,treino
34.55012926845443,39.334515441959624,48.40403667240876,treino
29.961929788943415,48.201572595534074,41.76976562569167,treino
31.35256023705892,74.30537605059634,64.18859701907999,treino
22.53780222869691,61.01729618672383,33.058363039300396,treino
38.16912472121504,61.97867497011933,71.31630505213523,treino
35.63498777990803,57.442870708310934,63.585973068686876,treino
31.022215864653987,69.3519737566935,62.72521667262893,treino
22.809166034551026,66.40367999470666,37.021617825359506,treino
32.50662755005622,65.88624168401367,61.150196338389065,treino
22.203890354561544,31.241181880944307,24.102144090358898,treino
35.20628680160755,57.72592363849308,60.06512331213619,treino
30.65031202352643,64.17458100103212,57.08618302297405,treino
24.865747203752058,38.839135050596404,32.8990639870985,treino
30.844244326731577,32.282357260536145,36.572609237185745,treino
23.268393551371666,29.871910996501022,25.798030115243172,treino
37.71451726769018,20.525492295999992,39.24830732606759,treino
20.963820515684713,26.282726467583668,20.968566863882167,treino
37.29193165637285,35.34324515350426,49.5220995946551,treino
21.768968782945006,33.65869687646355,24.532626906464593,treino
18.575546879165877,58.197298585673344,24.41655927004109,treino
33.5900091276913,41.22414536442142,47.18186849224933,treino
38.38453423916237,48.58261158430922,61.22716174582877,treino
16.67916672119417,72.13396494717279,26.17588897794339,treino
39.80938910139592,45.75330381552723,60.06578674036389,treino
26.357949046043665,30.903036968220555,31.072419993085106,treino
36.91776993161548,32.50229229879824,47.24568029163962,treino
16.952709827009098,68.22310167170805,23.200546851390985,treino
28.414200339427232,63.03157209318023,54.05677923457687,treino
30.86350662379493,28.249073063408176,33.89227485661454,treino
26.98423910311351,89.54800977507932,62.151618856006614,treino
34.433967833192305,58.522645398834754,64.43873177564348,treino
23.062261024193248,34.10744827746682,26.55457373445133,treino
17.631951996353123,77.38662007666169,30.33816495444218,treino
19.147671696913342,77.0551167353128,30.451112252640932,treino
30.359493513547996,79.89494851916825,65.40543548324003,treino
20.680968044619423,32.40648508744908,20.57185815456497,treino
36.21401221934062,43.15012467222738,49.08709206918924,treino
16.214232246173953,83.20248813411985,22.761559004073113,treino
31.57160531908956,82.61580484031467,70.46265117259732,treino
33.715200486423726,34.58655390045105,41.59034140077172,treino
26.718982425348813,36.918971858679164,32.50072978653258,treino
39.26745060987258,89.42654015483397,95.62890191371447,treino
34.0980847501647,56.43202106370594,59.111381441584946,treino
35.18579014940704,79.38665278427567,75.5389572609068,treino
33.278399416319886,89.54657662020901,75.71901166427982,treino
18.435198250945053,27.077431615490948,17.519682124852807,treino
34.30270997760951,62.85547060157667,60.132031907843505,treino
18.766824345331003,50.71751912613641,26.189689763021565,treino
31.94051908999485,32.661910122546324,38.157449325819066,treino
18.59743756378127,69.73729402198745,29.64613933430561,treino
38.11754168049721,53.55919523641238,66.17352454432447,treino
24.525530652412062,38.04658867916481,30.179805494558483,treino
29.6611293253699,65.00988963385828,55.791235140243785,treino
15.770445864198486,21.625930764273093,10.066685391714262,treino
39.638504237373155,76.69585155114095,83.87269730815544,treino
29.280816293569316,84.87385740422953,63.73898764316894,treino
17.351799077234894,31.71554997509255,13.848063144097939,treino
16.00378248867666,34.40738551091053,13.335754197467242,treino
28.850903588476235,30.74678654382297,31.952519060721883,treino
22.034597300549912,42.55509716760568,29.77312745852002,treino
22.8142487257146,86.16038013695409,46.18938487620314,treino
39.50511962246705,83.87141574069493,93.2774505235841,treino
33.669740283725645,29.604788045342865,40.58741890209893,treino
19.366036773396317,46.651265285200154,23.496877233567442,treino
26.68454003888229,34.48896117485878,30.185983957971068,treino
20.639821705105277,52.830355530887054,25.994527399579315,treino
32.986573898773415,75.35165817271957,64.62782200979859,treino
25.339198282749244,32.36668869290131,27.097178069974177,treino
16.389197922671947,63.8777487948946,23.676839125497864,treino
15.4540135978591,25.029523484036403,13.470148688233994,treino
26.205183206421786,24.056174117669094,25.616934875666782,treino
23.246530308319635,55.05363043561948,35.35180903638914,treino
33.962988245880254,29.659826214353373,37.419723453831175,treino
18.352365246819133,54.835339165576514,23.37650151606595,treino
23.133568262916924,71.55662523913216,41.563496462776385,treino
29.218529898822343,34.17656855469302,37.327838297979,treino
29.24834546603816,56.87412619536154,50.18809458518959,treino
37.54104633916096,83.27329321568351,88.87461734622124,treino
37.459163684038394,44.089875464434364,51.000155154866064,treino
17.887251591633873,54.904768281342065,20.776389169132887,treino
24.686959475754364,33.84668930814378,27.075408687967958,treino
17.37622993911003,28.287935822506814,15.026657840146816,treino
19.481707703943478,33.46104753245931,19.192081547803205,treino
22.022409649103878,56.405033858304165,28.078096351637384,treino
33.14424086788585,35.18412859640518,41.82808298253573,treino
20.1755135381203,81.9993619600854,34.45101008666724,treino
18.596798324278566,86.40518490988487,31.82329874631576,treino
19.8260372717226,24.432993509179067,15.73593798019094,treino
24.80922732304485,85.6958021272746,51.878002946903656,treino
36.439303603063934,77.87529173466211,80.0790336378808,treino
38.97200614772701,76.76740315679453,89.42665256510567,treino
38.83013812262972,71.08465369306543,79.8706441672052,treino
15.54030199700826,82.51217136754121,22.308779476621723,treino
16.04035434654731,49.64467762757577,15.104605008030823,treino
35.32898364550282,43.1140906918412,52.87734926552091,treino
19.99770506187771,66.74944111935903,33.280158705203206,treino
29.310762850846242,41.265763288696085,42.69339312118245,treino
36.298328944869965,69.79865433968196,74.21575016196775,treino
38.445661374374566,78.24840526973902,82.58155307120626,treino
25.10085976851915,85.56687843055886,54.774498210980624,treino
26.05785317669733,47.80633110309769,34.97813425712642,treino
25.289400054851498,72.29530604409204,45.0159112750154,treino
37.90870048845444,54.74922377075158,58.59535720214478,treino
30.79160997805162,51.47428818958764,46.09504562600692,treino
39.79436189821777,26.06980385502394,43.576492794916156,treino
20.408892380635038,73.551708362463,36.691909418772944,treino
27.682317539551082,48.63245924320108,42.78532162406051,treino
35.922414491523455,26.600023744160488,39.90979356220455,treino
19.093782606457395,72.35930902667128,31.934355910456073,treino
34.43357818822946,34.55986515959224,44.990003694371595,treino
20.672733726272103,50.803507576348665,29.24825815094607,treino
16.122765484808223,72.51861915637632,22.526333552262052,treino
36.69347384440028,38.53650241251057,49.32569294506206,treino
36.847212447595034,84.51794889662993,87.07619531086506,treino
39.96858425166912,35.93628027594499,56.055554924709476,treino
32.08145894147032,44.46945280164237,46.69696820615852,treino
24.47631737593263,37.53031607123218,28.59395220524364,treino
17.71439352838609,57.368800929177226,23.050986054683037,treino
24.34035346148929,43.048372171843866,29.024226080875962,treino
37.58319679910133,67.43960301181286,75.4979018084654,treino
28.488185881541966,54.60201734742324,49.59799398131911,treino
15.030826562797703,87.09607057828167,23.05139188186975,treino
16.595431402604383,79.22052929155362,25.441926121124084,treino
18.613104721651172,68.03140409306053,25.530200011124688,treino
23.20903012511722,20.383117618423924,24.21674820135966,treino
33.65035700608616,79.66676225511864,74.70760450987694,treino
22.473591277972638,79.26697353557705,41.004029788989435,treino
38.80624289614208,71.78390185963053,81.74887045286115,treino
38.420328763344486,51.411065504087546,61.659553879061725,treino
36.415357102309386,24.874844561397623,39.257724448735125,treino
33.749588448381715,20.301404296737505,34.965759761219616,treino
36.67003595654816,87.51632202974412,86.79272484151274,treino
37.26981227196312,72.60435673999771,76.33720766022162,treino
18.363805210328678,59.38706874024001,25.3934578258993,treino
26.519240130989154,84.53282545494403,55.91103017684018,treino
35.36596107794706,88.59849779231108,83.35559911826239,treino
38.994363058230505,59.44662658786761,66.93373447684154,treino
23.582311559472693,36.68369705534421,28.890164365616958,treino
19.680973615383536,35.06706237254049,18.66522522777833,treino
33.56731416812714,86.92326616658404,78.38495359038988,treino
18.8219280531584,63.306242835542236,25.485616125855863,treino
35.11910893742005,42.85827898702459,50.15187468193561,treino
22.369348739363566,82.51367393272768,40.98764947655707,treino
31.485565867297545,20.036312091599385,32.72609266163081,treino
19.988549822487258,83.40542970399821,39.87194942561615,treino
27.87642823079286,71.6458289274461,57.81731149981963,treino
28.864619675395872,67.46658426158797,53.027855961326445,treino
36.04983027598658,33.900856447191565,45.190371637745905,treino
32.06238759937439,80.24412809772912,69.80846664485172,treino
15.75136446902947,87.86210086079113,26.271136533707168,treino
21.61349527878278,35.65132246132328,21.394157684192415,treino
19.324861129789845,39.08105481911242,19.854984297267777,treino
21.119912538753635,73.41135077437237,36.30603794232987,treino
25.21957773571743,49.52362439001929,34.525909783160095,treino
21.234689395805297,64.32044275012966,31.538624002652895,treino
31.32305316409996,66.09365378753043,59.68791624309794,treino
22.97831221499165,42.45950518470312,30.887032198183174,treino
38.12021073280068,82.31847732765331,90.80684975020056,treino
26.668025093175856,86.32749197661946,56.388845952923695,treino
38.50047527018786,83.41315531724447,89.47882510048755,treino
27.613274754824666,56.102897340163594,41.39944889636609,treino
21.21016009664129,20.843630411114763,20.122236149128053,treino
31.446582126013194,52.32090380291566,50.04791462418227,treino
17.647435093768834,24.164068452833803,10.150905231365023,treino
26.892623155648344,48.57096677617091,39.85969171927253,treino
27.050768989658764,25.251211514607963,26.5801946670027,treino
18.940291215624992,88.20919861761926,36.71549495802213,treino
27.70881846117355,31.821112912890033,32.55814839533692,treino
19.08942194275275,79.42848958373978,29.98123629045496,treino
19.461044045545773,36.14753877295005,20.33736813261379,treino
22.081173331252852,53.175291634665456,32.150882844849086,treino
34.90071390775946,59.89880325158231,63.701828275689415,treino
18.83210791561235,81.1001271141925,32.53067668810707,treino
20.303685188082536,79.4811133980859,33.303627098711935,treino
17.61537742011938,64.73190471852718,26.03544735238351,treino
27.59082312957748,49.755723725989185,37.71815686825218,treino
20.19293133378848,55.68812562399346,26.535926349879013,treino
30.269253330885455,52.78243742860317,48.68432807092119,treino
23.514769889788106,81.10384114709589,45.58284282768018,treino
28.860413800998337,53.07280742951417,44.47574806749465,treino
20.75534977237202,77.61891221913305,36.933288259083014,treino
21.310907263739683,76.19265751485509,43.900579290519815,treino
18.50622722496527,26.72666630803169,13.581850223658295,treino
22.92882927824947,63.64824587499221,38.565963965837526,treino
20.298865277013565,24.987113415661376,19.376147374419908,treino
20.706321886585513,60.502650776876706,30.61290117906323,treino
20.059084119880758,49.596023278275545,27.521542319983528,treino
15.621487284656407,52.8969158201138,17.196560703859493,treino
33.79907803937289,60.78510445201763,58.95099532900864,treino
39.22940943369309,78.7421706364027,85.27802647460308,treino
15.904067762367406,53.80568726302487,18.57454490222518,treino
37.765955678272135,88.02626730526978,89.34275785558641,treino
21.50871358538125,64.83074484725489,33.860247214560225,treino
19.437664560924187,44.12486205581324,23.373542727065427,treino
21.356587093853932,31.879987356899246,21.199075690860887,treino
39.93950093157293,73.1976818590511,86.55901348129804,treino
30.68272101756108,81.93943416544525,66.70970110065261,treino
31.621271414800802,29.705814736339367,39.3932477531491,treino
37.40401929599417,81.53481457612722,86.94193969394827,treino
17.76471027490276,41.745792955675796,20.960781462646334,treino
21.131474325580243,84.79806681157072,39.1993622068472,treino
31.941466840321436,54.03344529355928,55.240506622556715,treino
29.758006272078724,47.943671186045336,43.91515266300663,treino
25.19903575901413,85.8753399335288,54.085376046509644,treino
16.184350500137047,34.824051442641725,14.167865260721499,treino
18.202840816888646,70.83260898687308,27.076187244730367,treino
19.32359841105195,51.27871896899069,23.465593877445745,treino
18.24803763338679,43.96537033100379,21.20549847129876,treino
32.73945712751552,80.48957804349074,70.55593287129336,treino
37.39087203459242,39.18940755820259,49.948173795424076,treino
21.195989073783952,63.369847941721844,34.13129452287918,treino
27.855571754760362,38.019565364176,37.987598252071244,treino
23.327354025265947,72.07963058864937,39.484174971933975,treino
36.11197183217966,59.77171459039552,64.84684456426733,treino
26.624336404841326,26.232940355253724,30.43026691113849,treino
17.790009206230668,72.47940257312457,26.402787204762244,treino
38.87245979639519,73.15387700156711,80.03013330896776,treino
22.75836684810186,42.67556682563453,28.410744504287987,treino
28.82759506028188,37.71243249507785,35.43145141994252,treino
35.05064700683984,31.62438426897812,44.41520583206217,treino
15.724987580111735,28.885467975364385,13.300861710687983,treino
35.657298104858945,30.073608725499078,41.75497092929448,treino
34.980338056037276,79.94867414590175,73.21907389679862,treino
33.48578671191275,72.82011967526942,66.51770596128777,treino
32.11405183484193,51.2397637006309,49.90314224060859,treino
26.733173354760034,29.162323159534655,31.339916791899746,treino
24.852674564827964,28.905817332427958,28.67283950016761,treino
29.31144832805289,82.77287601134888,64.74402794152614,treino
28.016810061788444,76.09726036899062,54.675076921565,treino
23.289224933563805,72.41745457669384,38.315337727814665,treino
27.818301607502782,21.711558861741043,27.99754696804463,treino
24.28131592720693,62.72828764220151,41.223601142797584,treino
25.4152408267287,74.54889605023605,51.165169780012434,treino
24.923501693695854,22.458176777676663,19.98821595633676,treino
29.75189738395773,49.23335048578319,44.55201075449462,treino
22.53356581286795,42.45138832674161,29.316721111594273,treino
31.31468351400255,81.51345338477776,70.5416339803786,treino
24.341443221842752,47.89546364319487,33.25071509472832,treino
25.39518505426524,32.34494660056531,24.592240092367607,treino
37.81456860354828,72.9265203398997,79.10753625760846,treino
33.310337574844695,50.096993493003346,56.15203549134254,treino
29.293201309401887,77.48615506184919,56.65068140187233,treino
27.265197887796795,79.48524384635253,51.33502880899724,treino
36.864051020936614,65.92517153665443,69.41375735237358,treino
26.002217488184215,50.27609152696563,40.67726118605135,treino
36.27829067055515,61.25318162892332,64.5632921489219,treino
17.477828539496887,42.450088268585326,18.05375404107335,treino
22.54818478606229,51.15112383977946,27.121260492177633,treino
17.111108028497227,78.2770499446805,26.599468327838416,treino
22.898226295769824,32.34039555154911,25.407930659646937,treino
27.518529655058558,77.998284738715,54.12515702776276,treino
33.629703208221116,85.53238521481373,77.59545858495564,treino
30.077678933468142,62.7339547139252,53.493156045138925,treino
21.02070145102868,75.7051995616879,34.59814450987102,treino
25.121374110663346,74.36539051221011,47.776476299110996,treino
15.231494545528085,24.991317392939177,10.459041161541762,treino
27.38766391571546,50.999606486233176,42.89135071851931,treino
29.17344488298467,26.66312768358819,34.73254091230226,treino
18.277717325655495,33.209854702024344,18.3030443073276,treino
29.6911143044428,89.44294038696384,70.15719920574527,treino
32.831454907792455,84.63428774080685,75.1258270439631,treino
34.53235088578789,87.81266249531191,81.67399446659331,treino
39.616238340441086,37.244656924825875,56.36323278633768,treino
21.040972718477143,60.61681517200602,30.818104352435544,treino
32.454743140247835,72.22475852715556,62.68853491002614,treino
39.61421520626885,58.46455289600407,71.00725841614756,treino
24.939454845623516,24.625544764357638,25.366201237848383,treino
35.0217898026658,26.845159821181017,42.1530932694811,treino
38.82497831919953,34.19533168264112,46.3733703270339,treino
21.062071325708317,82.16410865104088,33.462265876448726,treino
32.32738567324254,25.184938691709444,31.915179555570692,treino
28.822456351611535,86.72038659387681,64.27663854658073,treino
39.447924476846005,47.666425763122604,64.54715464261453,treino
32.98281334227059,83.42747675356271,78.80749749568712,treino
32.788951039919446,43.25141333924161,47.52344230503617,treino
32.944005900091085,69.40579025406417,64.23925274526668,treino
17.973832768505282,71.31871321916817,27.619637577126753,treino
17.89641810838171,72.16426899467075,25.681644386092728,treino
18.840334879801468,88.50439007303072,34.66385495342647,treino
21.829679787521908,63.38035725657482,33.62382171716082,treino
18.880324811027272,23.43823506250281,14.407862128988802,treino
25.78545487949725,79.93603026576253,51.084197535010794,treino
22.648915603766312,63.3767968178903,36.42902719658486,treino
37.424919969324876,83.92076252430455,89.28887635716531,treino
39.155797803579546,33.684055670740285,49.146553243368636,treino
20.10993417703573,78.29859382630586,35.1269347436409,treino
17.85260177959093,38.52183237423108,20.49643085052724,treino
29.37179824057584,63.32414668214681,55.262576203184,treino
22.860999505106573,76.62787217547242,42.60739487649371,treino
35.457696717596576,46.47403661067767,50.650588188583896,treino
28.005751676149846,30.79981877894332,31.770463426031085,treino
29.90106383085932,67.56689064462705,60.23142633593162,treino
24.038401965979986,78.94491062405677,44.815723081107095,treino
37.882469007138866,70.98624760224862,75.23763078231492,treino
32.14358363639863,21.857270604425203,34.08276258608909,treino
31.93218498410993,83.53234239733376,71.41565536095918,treino
31.64211840266342,78.10134254113197,69.81968732602584,treino
19.64415337177718,24.546274544696054,17.271153156876522,treino
26.906432714668142,39.88359173685608,34.25561034031204,treino
27.30383038938573,68.30887387049219,50.35100297296062,treino
16.663971423879453,56.82423688202146,23.57740504285415,treino
27.704183895321876,69.70118160382364,50.231925432701246,treino
17.1204818077958,33.218549433294726,14.9446977351305,treino
15.924268180029356,64.95766929975954,22.919956261191068,treino
20.9186217776099,50.206330258114825,27.462027908975113,treino
38.4031865843936,65.61686275544957,71.06557268745321,treino
24.408986837020656,87.10952681803539,52.807664585925735,treino
22.161155672051375,32.0372246355916,22.669061625016514,treino
19.031351571298103,87.91411007988904,32.51300847412553,treino
18.172749387962828,78.08249370874381,31.032369592923306,treino
17.980438154943617,27.51186539827643,13.904688380798326,treino
21.33458384597968,45.89890574930385,21.466094089044027,treino
34.996760269095915,55.40336203199189,57.11561185269369,treino
36.636413701391575,71.08706724120066,71.22025253954641,treino
16.252667242423342,68.50486134100984,21.806607510124305,treino
29.605696501530453,21.290646201263566,31.62495726462791,treino
31.31298001881658,51.128161960752195,46.66029586368713,treino
16.023674007142994,22.70510168788192,10.674910671727403,treino
26.7450222043707,89.91800276683634,58.24104568410128,treino
29.84576370071119,68.54783287107037,58.13669906356415,treino
36.453132615620575,52.467967732401334,59.21582725309215,treino
24.87518100101391,42.83668535148398,34.6807780009408,treino
22.30148325786321,85.10023431483022,47.36339526929083,teste
27.941538032193225,25.470929791977177,29.394518833033,teste
29.678098513424516,79.34858070565582,62.840140864360855,teste
23.661966385179525,40.65134460986768,30.289806217740075,teste
17.251196519391044,72.1494068045782,27.170286952522808,teste
20.816018549160844,45.25310805627775,25.739213171954788,teste
31.33598022523738,87.24383999401829,69.96188571423438,teste
34.216187297941424,74.22367169045609,71.87530890854224,teste
17.991813896622357,69.57102876898446,26.07418709129425,teste
19.736783977107144,65.29502587003276,30.681771589830113,teste
39.72832506709014,77.43899578479025,91.04087009176328,teste
22.272945953502965,47.61370625571281,29.937271699599492,teste
36.319528240797815,86.06588576725979,82.0213679268165,teste
23.486943855222567,35.95074505869837,25.15105459434855,teste
36.959143345270036,40.08246894944184,51.116953962492566,teste
32.06453995523051,64.90929281750465,61.45004840248096,teste
26.246482498603157,77.7090879878445,53.7317554039233,teste
24.612609449748202,38.032883132742555,32.69887134615523,teste
30.75706482797221,48.69876717575302,48.592389264869325,teste
30.939717511961476,83.60257725889494,69.40875091352213,teste
35.73571537206841,80.21973203532586,75.19390214247629,teste
36.56911409352195,21.90274934483095,38.21409534619687,teste
36.30038792202923,27.60599722835837,40.72519176992568,teste
22.11352187779563,75.08239670150193,39.287168745949714,teste
29.310328748965933,73.9541249565759,61.05629558943167,teste
37.677590553905375,45.849098893867804,59.27697079995949,teste
19.071787513863875,79.53646152449502,33.97226748499263,teste
18.295555444663027,62.1090916719211,23.446335810183488,teste
29.706449999230514,28.225306757682105,32.02342444283472,teste
15.745869252492437,83.68576359132636,25.238921764084896,teste
22.383975633602248,84.10214005150966,43.73918723617747,teste
19.708049370283796,89.28761484434115,40.029725765607004,teste
18.73435390920377,48.85810175248526,20.566151877571855,teste
18.093845091258615,59.4866595933056,23.509333034966005,teste
17.35443369719124,64.25979691211471,22.39203182266372,teste
17.765736689055082,29.277945666598953,15.54792226471962,teste
16.22409274558198,52.77619839855088,18.62902505042538,teste
33.37823568799084,50.74249592441543,53.33686605507253,teste
39.24537791763923,74.02945402604087,83.60202017596274,teste
24.853144429452435,57.190492837302344,38.3742689721959,teste
24.814317896047996,36.86489814900185,30.463442591341725,teste
16.026977332621172,23.864696969558633,13.553701774231156,teste
26.331997912504086,40.14984132337078,35.52595660945186,teste
17.950147553012883,80.23989435060632,35.15908511199004,teste
18.150658543665664,67.23252494661563,28.148524211628132,teste
16.63826084795956,80.55701623374539,27.67029514058292,teste
34.21568973648448,78.5629128722885,76.01240729294217,teste
22.097710946600973,87.50612364240352,42.249644317029386,teste
38.02642993237979,45.96386250791684,56.91797121148075,teste
22.2082025982561,74.47059957808086,40.49623888553609,teste
23.145633953453796,55.6253906225948,33.048156141109324,teste
36.387288544764644,52.73567167151487,60.32705903474105,teste
27.86457629713827,71.3426509959885,55.41648131529199,teste
34.43512095602944,59.649445556675126,62.64002562117729,teste
29.772887287035417,88.36648547516124,68.67749513289274,teste
16.09509414468072,45.64348419895754,16.205824174592426,teste
25.228499440619927,55.38519735499469,38.91648569112674,teste
18.508489926597814,35.062479224010296,18.1129926108469,teste
29.144297510798026,53.28928212630544,48.11144107209139,teste
29.754884569153155,64.16384054408584,53.581695287533634,teste
24.582995569435248,64.39641037767097,41.593721171394876,teste
28.09382371794093,51.57325501296785,45.260922454069615,teste
19.955105680322447,82.92451034243595,39.349803244217895,teste
29.880321010334292,74.65868481633336,60.131229456822076,teste
18.048041958377816,78.62330206514437,28.931288871014004,teste
22.688376810519653,86.45054661064802,49.68159402065034,teste
24.016433361256357,44.33715443851323,30.081908027855626,teste
34.56838068125715,23.599340818985056,38.50759967936639,teste
29.13090266202972,37.85748517191665,36.58638012692463,teste
26.854218237065453,33.15325053255337,35.880339565718174,teste
27.865733552908743,75.72423133381096,55.32864844906549,teste
17.58507419306379,65.68807144084786,24.842074488775857,teste
26.625353299731827,52.474560027703504,42.51351557859609,teste
36.413700589363955,40.3930617490926,51.424276437692306,teste
25.481809697520127,73.8469806908755,47.188848515057565,teste
18.293870822301685,60.02893835647764,28.40466643856022,teste
30.86795800001477,42.43438131746113,44.48646655634371,teste
39.827114548262664,72.00344169006576,85.89797750831711,teste
26.085354970683277,43.98995499284691,37.17583817161285,teste
22.030844595975207,23.696497098007725,21.055510688640442,teste
25.92879797180827,26.42065753413047,27.75330750852039,teste
31.31082641302579,65.3728610766994,57.334691257667245,teste
33.24214271693445,50.031828495018885,51.6329886444131,teste
17.36166670153788,89.32719201523376,35.48389482984828,teste
18.45513429096327,26.30009737315629,17.552079030827812,teste
18.27644378893283,42.03247329950667,17.472054720116486,teste
25.35065234473091,41.5365826465321,35.14044067472892,teste
34.673109437553464,39.26067679211994,45.60690983119443,teste
30.218528222456168,58.30979888434123,49.60927550406846,teste
33.14289070678567,61.599088601110594,62.394491930757106,teste
34.514528438164604,53.32936747632873,59.628786287790824,teste
38.883735704695276,78.07167863599935,84.63210385038423,teste
17.57506710325397,54.69235547408002,22.500507960609866,teste
37.566328598190424,46.501495129181166,55.708678892441654,teste
23.06230867921663,88.89296854635998,48.28990975642209,teste
36.68726579380812,27.518206940200404,41.305610681003095,teste
21.151665287623462,44.37931184230193,25.638037990728183,teste
18.628256366626243,57.83336845195285,23.422578602779303,teste
19.588330722007974,26.340534097480756,15.462087527548876,teste
30.975341231604116,39.958568029063215,43.74772520621814,teste
37.43255499385234,58.20588000176244,68.3992601697664,teste
34.574003250652126,89.31946609649282,83.74063696077728,teste
15.528700408411002,54.55704533894521,14.673603289915881,teste
39.29566065152419,58.563613794328205,71.01665262115435,teste
37.900296128440196,65.65803245260989,73.25981924155943,teste
20.821307123592657,73.42088428739302,34.25174793449971,teste
27.90219503142781,47.75053647553685,38.01261554133647,teste
37.961047387888854,24.418201949270973,41.64337494465922,teste
18.88603910208556,44.643547196746674,19.7003531197735,teste
25.69758034203375,50.56672425371876,39.96986912201003,teste
29.86419022227161,54.426880698903695,49.721544134380345,teste
29.23030126076692,74.20920431985326,56.467834772107146,teste
32.92225472897489,74.20351308281357,64.78289938281279,teste
31.755081383783875,52.265197375117715,50.736468291927444,teste
36.263341979769564,23.158032199649497,40.132949367425894,teste
25.971960993801307,52.07834290755598,41.01844080726778,teste
18.01638343609216,62.2384170241326,24.492128337937885,teste
33.54036581828788,79.6205527926763,75.65194591566409,teste
21.091686351392838,62.94615393108825,32.52416648155911,teste
31.607838508184688,37.094350053612175,43.0156696268122,teste
20.741400749971383,23.4621396002211,17.030839520020237,teste
26.738895281895196,49.351069154946714,36.75190356741971,teste
36.33423648355917,56.54875650322056,60.73693027900481,teste
27.353541162935585,35.08465992688903,31.079480948951854,teste
36.23522107307682,25.420525968230674,37.06582842553949,teste
17.29302514560495,44.35305430296146,17.214900273192672,teste
34.35803540354608,35.00284819984906,46.9355269227529,teste
32.4080093769434,65.13734360515033,61.95148598319268,teste
38.39849556751565,46.21247555142564,61.258836931437465,teste
20.05220254113695,39.252172844117695,24.939385822374387,teste
31.22872625335686,75.40160414653357,60.71191094862647,teste
34.87787097457715,62.50480013458505,63.36942784457163,teste
30.47797716067435,69.89247856329098,56.3580376007513,teste
34.92042720812904,42.42780425181155,50.06662515779249,teste
35.56904033177075,86.5042766237106,82.10648879621387,teste
23.18738911031364,67.62931639689454,40.36722962906951,teste
26.93764684069332,83.9299628591383,56.351060212129546,teste
38.77986650009603,41.123540668785154,51.39593895574083,teste
29.77859540277428,60.932689196345564,56.50775457691974,teste
35.74474357831033,77.61872269650664,77.1489687767553,teste
15.311746948530331,22.25043614619951,11.013896675514669,teste
34.840884596559434,43.78151634243213,52.08357149454534,teste
15.112503123491479,40.26007952556455,15.842248088673049,teste
30.544800746518913,54.943595779555636,49.99918857601835,teste
15.901495856934092,64.63262861603349,19.709739200718356,teste
39.71509746298941,80.16927933932286,83.34221311284271,teste
28.006877868514227,76.84860728309414,52.637575934870455,teste
28.838521002240284,87.35399919742915,64.45708025254352,teste
28.269239764976337,23.868928665085935,28.574530848659386,teste
34.07257547598823,25.680780029672952,41.25311739471208,teste
37.189277212201084,75.89138413796402,77.50321175554997,teste
36.08970961906353,82.28456265779081,84.1857217727341,teste
25.509544287631925,55.20124558862473,39.49153714834578,teste
21.561512898071616,65.74778779855504,33.239897463195256,teste
26.361435757466445,38.249264693516125,32.86037578468071,teste
22.484582287870637,70.52854325635295,38.817177720279055,teste
22.617615094020785,55.57350403447714,30.32572821915827,teste
20.049475942219537,77.43541607010229,33.99567455743834,teste
16.801478676823592,29.180861842929694,12.02143613645254,teste
18.494924953191436,57.945532446550345,24.609595826991168,teste
21.951888644531437,56.36847186767858,35.80337798093561,teste
17.10288336392205,89.9180746133561,28.235441225080574,teste
33.337372614070745,35.676196591577074,42.6141478511574,teste
25.78317550366124,57.212904308680756,42.88454884132322,teste
26.347422051907493,28.07285066776916,29.259121613061414,teste
23.863149203246707,72.47330332460072,39.51207564724634,teste
24.1877952528782,20.323315919032932,18.060979225168186,teste
30.91020855269442,46.48168756613907,48.246780982887735,teste
17.693523648897415,22.438684519594098,12.722502930141745,teste
22.949777423801237,33.52458257115914,23.173161714903067,teste
37.1997207151395,87.94971128373491,87.4928099036639,teste
21.024264375142117,47.50427236879518,25.036597507854154,teste
39.66578862310805,22.827946018951423,44.83244214902562,teste
18.592966536388353,67.78116855518182,26.323421331449502,teste
37.42583497241563,86.0367645894497,85.85367979631584,teste
31.19871205503025,77.5549482265665,64.60810659504732,teste
29.842050111658853,59.5074876251425,50.45004671917385,teste
30.503732165707405,77.90782169135156,62.56414240833678,teste
21.661582937521153,23.680319322613876,19.122545659826553,teste
37.16393905429673,64.7475238249319,70.85387052564325,teste
19.264824213422152,89.95953364569314,37.81831371713984,teste
17.120289780894076,34.76540719420991,13.96718682293047,teste
15.578502364548662,50.78663297363267,19.862719075649924,teste
39.04744161373786,31.73896637744467,49.117557479353316,teste
24.10480044430135,48.34958430470721,36.56566341929954,teste
26.546930756284684,73.38130643738485,54.657985213010875,teste
34.6020237085352,86.19855562771313,77.22378565773688,teste
33.37232905775727,74.24355323669296,69.54995807336424,teste
32.88517824039504,38.94877330465749,43.53760316418124,teste
31.230828881132723,50.43318227663323,48.45366204804383,teste
31.2461650388705,27.8291361666474,35.274530037438524,teste
22.20570613719763,78.45880537565137,42.07619048618074,teste
33.95219350213435,82.47413827811283,77.34520161923359,teste
21.034301540666572,84.25019976380138,38.66358006450936,teste
25.213216093115904,62.71592111032721,43.56595231949218,teste
26.234037553594717,28.09929171166006,31.670237225242378,teste
16.3848852291065,87.96193099820165,27.140229735891058,teste
33.542910262993374,60.77113190775642,59.23686966172979,teste
20.044552767976384,88.30152170727624,34.2620150464731,teste
21.64674903648799,75.82575849765269,34.96420754111188,teste
